cclasstrib;cst;descricao;versao_it;fonte
000001;000;Situações tributadas integralmente pelo IBS e CBS.;2025.002 (consultado ao vivo em 08/09/2026);oficial - Portal da Conformidade Fácil (SVRS)
000002;000;Exploração de via;2025.002 (consultado ao vivo em 08/09/2026);oficial - Portal da Conformidade Fácil (SVRS)
000003;000;Regime automotivo - projetos incentivados (art. 311);2025.002 (consultado ao vivo em 08/09/2026);oficial - Portal da Conformidade Fácil (SVRS)
000004;000;Regime automotivo - projetos incentivados (art. 312);2025.002 (consultado ao vivo em 08/09/2026);oficial - Portal da Conformidade Fácil (SVRS)
000005;000;Operação com EAC destinado à mistura com gasolina A, mas com saída do biocombustível com destinação diversa;2025.002 (consultado ao vivo em 08/09/2026);oficial - Portal da Conformidade Fácil (SVRS)
010001;010;Operações do FGTS não realizadas pela Caixa Econômica Federal;2025.002 (consultado ao vivo em 08/09/2026);oficial - Portal da Conformidade Fácil (SVRS)
010002;010;Operações do serviço financeiro;2025.002 (consultado ao vivo em 08/09/2026);oficial - Portal da Conformidade Fácil (SVRS)
011001;011;Planos de assistência funerária.;2025.002 (consultado ao vivo em 08/09/2026);oficial - Portal da Conformidade Fácil (SVRS)
011002;011;Planos de assistência à saúde;2025.002 (consultado ao vivo em 08/09/2026);oficial - Portal da Conformidade Fácil (SVRS)
011003;011;Intermediação de planos de assistência à saúde;2025.002 (consultado ao vivo em 08/09/2026);oficial - Portal da Conformidade Fácil (SVRS)
011004;011;Concursos e prognósticos;2025.002 (consultado ao vivo em 08/09/2026);oficial - Portal da Conformidade Fácil (SVRS)
011005;011;Planos de assistência à saúde de animais domésticos;2025.002 (consultado ao vivo em 08/09/2026);oficial - Portal da Conformidade Fácil (SVRS)
200001;200;Serviços de transporte de bens até as zonas de processamento de exportação e bens exportados a partir das zonas de processamento de exportação;2025.002 (consultado ao vivo em 08/09/2026);oficial - Portal da Conformidade Fácil (SVRS)
200002;200;Fornecimento ou importação para produtor rural não contribuinte ou TAC;2025.002 (consultado ao vivo em 08/09/2026);oficial - Portal da Conformidade Fácil (SVRS)
200003;200;Vendas de produtos destinados à alimentação humana (Anexo I);2025.002 (consultado ao vivo em 08/09/2026);oficial - Portal da Conformidade Fácil (SVRS)
200004;200;Fornecimento de dispositivos médicos (Anexo XII);2025.002 (consultado ao vivo em 08/09/2026);oficial - Portal da Conformidade Fácil (SVRS)
200005;200;Fornecimento de dispositivos médicos para órgãos da administração pública e entidades de saúde imunes (Anexo IV);2025.002 (consultado ao vivo em 08/09/2026);oficial - Portal da Conformidade Fácil (SVRS)
200006;200;Situação de emergência de saúde pública reconhecida pelo Poder público;2025.002 (consultado ao vivo em 08/09/2026);oficial - Portal da Conformidade Fácil (SVRS)
200007;200;Fornecimento dos dispositivos de acessibilidade próprios para pessoas com deficiência (Anexo XIII);2025.002 (consultado ao vivo em 08/09/2026);oficial - Portal da Conformidade Fácil (SVRS)
200008;200;Fornecimento dos dispositivos de acessibilidade próprios para pessoas com deficiência adquiridos por órgãos da administração pública (Anexo V);2025.002 (consultado ao vivo em 08/09/2026);oficial - Portal da Conformidade Fácil (SVRS)
200009;200;Fornecimento dos medicamentos registrados na Anvisa;2025.002 (consultado ao vivo em 08/09/2026);oficial - Portal da Conformidade Fácil (SVRS)
200010;200;Fornecimento dos medicamentos registrados na Anvisa, adquiridos por órgãos da administração pública;2025.002 (consultado ao vivo em 08/09/2026);oficial - Portal da Conformidade Fácil (SVRS)
200011;200;Fornecimento das composições para nutrição enteral e parenteral quando adquiridas por órgãos da administração pública (Anexo VI);2025.002 (consultado ao vivo em 08/09/2026);oficial - Portal da Conformidade Fácil (SVRS)
200012;200;Situação de emergência de saúde pública reconhecida pelo Poder público;2025.002 (consultado ao vivo em 08/09/2026);oficial - Portal da Conformidade Fácil (SVRS)
200013;200;Fornecimento de tampões higiênicos, absorventes higiênicos internos ou externos;2025.002 (consultado ao vivo em 08/09/2026);oficial - Portal da Conformidade Fácil (SVRS)
200014;200;Fornecimento dos produtos hortícolas, frutas e ovos (Anexo XV);2025.002 (consultado ao vivo em 08/09/2026);oficial - Portal da Conformidade Fácil (SVRS)
200015;200;Venda de automóveis de passageiros de fabricação nacional adquiridos por motoristas profissionais ou pessoas com deficiência;2025.002 (consultado ao vivo em 08/09/2026);oficial - Portal da Conformidade Fácil (SVRS)
200016;200;Prestação de serviços de pesquisa e desenvolvimento por Instituição Científica, Tecnológica e de Inovação (ICT);2025.002 (consultado ao vivo em 08/09/2026);oficial - Portal da Conformidade Fácil (SVRS)
200017;200;Operações relacionadas ao FGTS;2025.002 (consultado ao vivo em 08/09/2026);oficial - Portal da Conformidade Fácil (SVRS)
200018;200;Operações de resseguro e retrocessão;2025.002 (consultado ao vivo em 08/09/2026);oficial - Portal da Conformidade Fácil (SVRS)
200019;200;Importador dos serviços financeiros contribuinte;2025.002 (consultado ao vivo em 08/09/2026);oficial - Portal da Conformidade Fácil (SVRS)
200020;200;Operação praticada por sociedades cooperativas optantes por regime específico do IBS e CBS;2025.002 (consultado ao vivo em 08/09/2026);oficial - Portal da Conformidade Fácil (SVRS)
200021;200;Serviços de transporte público coletivo de passageiros ferroviário e hidroviário;2025.002 (consultado ao vivo em 08/09/2026);oficial - Portal da Conformidade Fácil (SVRS)
200022;200;Operação originada fora da ZFM que destine bem material industrializado a contribuinte estabelecido na ZFM;2025.002 (consultado ao vivo em 08/09/2026);oficial - Portal da Conformidade Fácil (SVRS)
200023;200;Operação realizada por indústria incentivada que destine bem material intermediário para outra indústria incentivada na ZFM;2025.002 (consultado ao vivo em 08/09/2026);oficial - Portal da Conformidade Fácil (SVRS)
200024;200;Operação originada fora das Áreas de Livre Comércio destinadas a contribuinte estabelecido nas Áreas de Livre Comércio;2025.002 (consultado ao vivo em 08/09/2026);oficial - Portal da Conformidade Fácil (SVRS)
200025;200;Fornecimento dos serviços de educação relacionados ao Programa Universidade para Todos (Prouni);2025.002 (consultado ao vivo em 08/09/2026);oficial - Portal da Conformidade Fácil (SVRS)
200026;200;Locação de imóveis localizados nas zonas reabilitadas;2025.002 (consultado ao vivo em 08/09/2026);oficial - Portal da Conformidade Fácil (SVRS)
200027;200;Operações de locação, cessão onerosa e arrendamento de bens imóveis;2025.002 (consultado ao vivo em 08/09/2026);oficial - Portal da Conformidade Fácil (SVRS)
200028;200;Fornecimento dos serviços de educação (Anexo II);2025.002 (consultado ao vivo em 08/09/2026);oficial - Portal da Conformidade Fácil (SVRS)
200029;200;Fornecimento dos serviços de saúde humana (Anexo III);2025.002 (consultado ao vivo em 08/09/2026);oficial - Portal da Conformidade Fácil (SVRS)
200030;200;Venda dos dispositivos médicos (Anexo IV);2025.002 (consultado ao vivo em 08/09/2026);oficial - Portal da Conformidade Fácil (SVRS)
200031;200;Fornecimento dos dispositivos de acessibilidade próprios para pessoas com deficiência (Anexo V);2025.002 (consultado ao vivo em 08/09/2026);oficial - Portal da Conformidade Fácil (SVRS)
200032;200;Fornecimento dos medicamentos registrados na Anvisa ou produzidos por farmácias de manipulação, ressalvados os medicamentos sujeitos à alíquota zero;2025.002 (consultado ao vivo em 08/09/2026);oficial - Portal da Conformidade Fácil (SVRS)
200033;200;Fornecimento das composições para nutrição enteral e parenteral (Anexo VI);2025.002 (consultado ao vivo em 08/09/2026);oficial - Portal da Conformidade Fácil (SVRS)
200034;200;Fornecimento dos alimentos destinados ao consumo humano (Anexo VII);2025.002 (consultado ao vivo em 08/09/2026);oficial - Portal da Conformidade Fácil (SVRS)
200035;200;Fornecimento dos produtos de higiene pessoal e limpeza (Anexo VIII);2025.002 (consultado ao vivo em 08/09/2026);oficial - Portal da Conformidade Fácil (SVRS)
200036;200;Fornecimento de produtos agropecuários, aquícolas, pesqueiros, florestais e extrativistas vegetais in natura;2025.002 (consultado ao vivo em 08/09/2026);oficial - Portal da Conformidade Fácil (SVRS)
200037;200;Fornecimento de serviços ambientais de conservação ou recuperação da vegetação nativa;2025.002 (consultado ao vivo em 08/09/2026);oficial - Portal da Conformidade Fácil (SVRS)
200038;200;Fornecimento dos insumos agropecuários e aquícolas (Anexo IX);2025.002 (consultado ao vivo em 08/09/2026);oficial - Portal da Conformidade Fácil (SVRS)
200039;200;Fornecimento dos bens e serviços relacionados com produções nacionais artísticas, culturais, de eventos, jornalísticas e audiovisuais (Anexo X);2025.002 (consultado ao vivo em 08/09/2026);oficial - Portal da Conformidade Fácil (SVRS)
200040;200;Fornecimento de serviços de comunicação institucional à administração pública;2025.002 (consultado ao vivo em 08/09/2026);oficial - Portal da Conformidade Fácil (SVRS)
200041;200;Fornecimento de serviço de educação desportiva (art. 141, I);2025.002 (consultado ao vivo em 08/09/2026);oficial - Portal da Conformidade Fácil (SVRS)
200042;200;Fornecimento de serviço de gestão e exploração do desporto (art. 141, II);2025.002 (consultado ao vivo em 08/09/2026);oficial - Portal da Conformidade Fácil (SVRS)
200043;200;Fornecimento à administração pública dos serviços e dos bens relativos à soberania (Anexo XI);2025.002 (consultado ao vivo em 08/09/2026);oficial - Portal da Conformidade Fácil (SVRS)
200044;200;Operações e prestações de serviços de segurança da informação e segurança cibernética desenvolvidos por sociedade que tenha sócio brasileiro (Anexo XI);2025.002 (consultado ao vivo em 08/09/2026);oficial - Portal da Conformidade Fácil (SVRS)
200045;200;Operações relacionadas a projetos de reabilitação urbana de zonas históricas e de áreas críticas de recuperação e reconversão urbanística;2025.002 (consultado ao vivo em 08/09/2026);oficial - Portal da Conformidade Fácil (SVRS)
200046;200;Operações com bens imóveis;2025.002 (consultado ao vivo em 08/09/2026);oficial - Portal da Conformidade Fácil (SVRS)
200047;200;Bares e Restaurantes;2025.002 (consultado ao vivo em 08/09/2026);oficial - Portal da Conformidade Fácil (SVRS)
200048;200;Hotelaria, Parques de Diversão e Parques Temáticos;2025.002 (consultado ao vivo em 08/09/2026);oficial - Portal da Conformidade Fácil (SVRS)
200049;200;Transporte coletivo de passageiros rodoviário, ferroviário e hidroviário;2025.002 (consultado ao vivo em 08/09/2026);oficial - Portal da Conformidade Fácil (SVRS)
200050;200;Serviços de transporte aéreo regional coletivo de passageiros ou de carga;2025.002 (consultado ao vivo em 08/09/2026);oficial - Portal da Conformidade Fácil (SVRS)
200051;200;Agências de Turismo;2025.002 (consultado ao vivo em 08/09/2026);oficial - Portal da Conformidade Fácil (SVRS)
200052;200;Prestação de serviços de profissões intelectuais;2025.002 (consultado ao vivo em 08/09/2026);oficial - Portal da Conformidade Fácil (SVRS)
200053;200;Fornecimento de medicamentos registrados na Anvisa, quando classificados como soros ou vacinas;2025.002 (consultado ao vivo em 08/09/2026);oficial - Portal da Conformidade Fácil (SVRS)
200054;200;Fornecimento de bem material pela cooperativa de produção agropecuária a associado não sujeito ao regime regular do IBS e da CBS;2025.002 (consultado ao vivo em 08/09/2026);oficial - Portal da Conformidade Fácil (SVRS)
220001;220;Incorporação imobiliária submetida ao regime especial de tributação;2025.002 (consultado ao vivo em 08/09/2026);oficial - Portal da Conformidade Fácil (SVRS)
220002;220;Incorporação imobiliária submetida ao regime especial de tributação;2025.002 (consultado ao vivo em 08/09/2026);oficial - Portal da Conformidade Fácil (SVRS)
220003;220;Alienação de imóvel decorrente de parcelamento do solo;2025.002 (consultado ao vivo em 08/09/2026);oficial - Portal da Conformidade Fácil (SVRS)
221001;221;Locação, cessão onerosa ou arrendamento de bem imóvel com alíquota sobre a receita bruta;2025.002 (consultado ao vivo em 08/09/2026);oficial - Portal da Conformidade Fácil (SVRS)
221002;221;Incorporação imobiliária submetida ao regime especial de tributação;2025.002 (consultado ao vivo em 08/09/2026);oficial - Portal da Conformidade Fácil (SVRS)
221003;221;Incorporação imobiliária submetida ao regime especial de tributação;2025.002 (consultado ao vivo em 08/09/2026);oficial - Portal da Conformidade Fácil (SVRS)
221004;221;Alienação de imóvel decorrente de parcelamento do solo;2025.002 (consultado ao vivo em 08/09/2026);oficial - Portal da Conformidade Fácil (SVRS)
222001;222;Transporte internacional de passageiros, caso os trechos de ida e volta sejam vendidos em conjunto;2025.002 (consultado ao vivo em 08/09/2026);oficial - Portal da Conformidade Fácil (SVRS)
400001;400;Fornecimento de serviços de transporte público coletivo de passageiros rodoviário e metroviário;2025.002 (consultado ao vivo em 08/09/2026);oficial - Portal da Conformidade Fácil (SVRS)
400002;400;Fornecimento de serviços de transporte público coletivo de passageiros rodoviário e metroviário com medição por quilômetro rodado;2025.002 (consultado ao vivo em 08/09/2026);oficial - Portal da Conformidade Fácil (SVRS)
410001;410;Fornecimento de bonificações quando constem no documento fiscal e que não dependam de evento posterior;2025.002 (consultado ao vivo em 08/09/2026);oficial - Portal da Conformidade Fácil (SVRS)
410002;410;Transferências entre estabelecimentos pertencentes ao mesmo contribuinte;2025.002 (consultado ao vivo em 08/09/2026);oficial - Portal da Conformidade Fácil (SVRS)
410003;410;Doações sem contraprestação em benefício do doador;2025.002 (consultado ao vivo em 08/09/2026);oficial - Portal da Conformidade Fácil (SVRS)
410004;410;Exportações de bens e serviços;2025.002 (consultado ao vivo em 08/09/2026);oficial - Portal da Conformidade Fácil (SVRS)
410005;410;Fornecimentos realizados pela União, pelos Estados, pelo Distrito Federal e pelos Municípios;2025.002 (consultado ao vivo em 08/09/2026);oficial - Portal da Conformidade Fácil (SVRS)
410006;410;Fornecimentos realizados por entidades religiosas e templos de qualquer culto;2025.002 (consultado ao vivo em 08/09/2026);oficial - Portal da Conformidade Fácil (SVRS)
410007;410;Fornecimentos realizados por partidos políticos, entidades sindicais e instituições de educação e de assistência social;2025.002 (consultado ao vivo em 08/09/2026);oficial - Portal da Conformidade Fácil (SVRS)
410008;410;Fornecimentos de livros, jornais, periódicos e do papel destinado a sua impressão;2025.002 (consultado ao vivo em 08/09/2026);oficial - Portal da Conformidade Fácil (SVRS)
410009;410;Fornecimentos de fonogramas e videofonogramas musicais produzidos no Brasil;2025.002 (consultado ao vivo em 08/09/2026);oficial - Portal da Conformidade Fácil (SVRS)
410010;410;Fornecimentos de serviço de comunicação nas modalidades de radiodifusão sonora e de sons e imagens de recepção livre e gratuita;2025.002 (consultado ao vivo em 08/09/2026);oficial - Portal da Conformidade Fácil (SVRS)
410011;410;Fornecimentos de ouro, quando definido em lei como ativo financeiro ou instrumento cambial;2025.002 (consultado ao vivo em 08/09/2026);oficial - Portal da Conformidade Fácil (SVRS)
410012;410;Fornecimento de condomínio edilício não optante pelo regime regular;2025.002 (consultado ao vivo em 08/09/2026);oficial - Portal da Conformidade Fácil (SVRS)
410013;410;Exportações de combustíveis;2025.002 (consultado ao vivo em 08/09/2026);oficial - Portal da Conformidade Fácil (SVRS)
410014;410;Fornecimento de produtor rural não contribuinte;2025.002 (consultado ao vivo em 08/09/2026);oficial - Portal da Conformidade Fácil (SVRS)
410015;410;Fornecimento por transportador autônomo não contribuinte;2025.002 (consultado ao vivo em 08/09/2026);oficial - Portal da Conformidade Fácil (SVRS)
410016;410;Fornecimento ou aquisição de resíduos sólidos;2025.002 (consultado ao vivo em 08/09/2026);oficial - Portal da Conformidade Fácil (SVRS)
410017;410;Aquisição de bem móvel com crédito presumido sob condição de revenda realizada;2025.002 (consultado ao vivo em 08/09/2026);oficial - Portal da Conformidade Fácil (SVRS)
410018;410;Operações relacionadas aos fundos garantidores e executores de políticas públicas;2025.002 (consultado ao vivo em 08/09/2026);oficial - Portal da Conformidade Fácil (SVRS)
410019;410;Exclusão da gorjeta na base de cálculo no fornecimento de alimentação;2025.002 (consultado ao vivo em 08/09/2026);oficial - Portal da Conformidade Fácil (SVRS)
410020;410;Exclusão do valor de intermediação na base de cálculo no fornecimento de alimentação;2025.002 (consultado ao vivo em 08/09/2026);oficial - Portal da Conformidade Fácil (SVRS)
410021;410;Contribuição de que trata o art. 149-A da Constituição Federal;2025.002 (consultado ao vivo em 08/09/2026);oficial - Portal da Conformidade Fácil (SVRS)
410022;410;Consolidação da propriedade do bem pelo credor;2025.002 (consultado ao vivo em 08/09/2026);oficial - Portal da Conformidade Fácil (SVRS)
410023;410;Alienação de bens móveis ou imóveis que tenham sido objeto de garantia em que o prestador da garantia não seja contribuinte;2025.002 (consultado ao vivo em 08/09/2026);oficial - Portal da Conformidade Fácil (SVRS)
410024;410;Consolidação da propriedade do bem pelo grupo de consórcio;2025.002 (consultado ao vivo em 08/09/2026);oficial - Portal da Conformidade Fácil (SVRS)
410025;410;Alienação de bem que tenha sido objeto de garantia em que o prestador da garantia não seja contribuinte;2025.002 (consultado ao vivo em 08/09/2026);oficial - Portal da Conformidade Fácil (SVRS)
410026;410;Doação com anulação de crédito;2025.002 (consultado ao vivo em 08/09/2026);oficial - Portal da Conformidade Fácil (SVRS)
410027;410;Exportação de serviço ou de bem imaterial;2025.002 (consultado ao vivo em 08/09/2026);oficial - Portal da Conformidade Fácil (SVRS)
410028;410;Operações com bens imóveis realizadas por pessoas físicas não consideradas contribuintes;2025.002 (consultado ao vivo em 08/09/2026);oficial - Portal da Conformidade Fácil (SVRS)
410029;410;Operações acobertadas somente pelo ICMS;2025.002 (consultado ao vivo em 08/09/2026);oficial - Portal da Conformidade Fácil (SVRS)
410030;410;Estorno de crédito por perecimento, deteriorização, roubo, furto ou extravio.;2025.002 (consultado ao vivo em 08/09/2026);oficial - Portal da Conformidade Fácil (SVRS)
410031;410;Fornecimento em período anterior ao início de vigência de incidências de CBS e IBS;2025.002 (consultado ao vivo em 08/09/2026);oficial - Portal da Conformidade Fácil (SVRS)
410032;410;Tributos incidentes na operação que não integram a base de cálculo do IBS e da CBS;2025.002 (consultado ao vivo em 08/09/2026);oficial - Portal da Conformidade Fácil (SVRS)
410033;410;Operações de Fundos de Investimento Imobiliário (FII) e Fundos de Investimento nas Cadeias Produtivas do Agronegócio (Fiagro);2025.002 (consultado ao vivo em 08/09/2026);oficial - Portal da Conformidade Fácil (SVRS)
410034;410;Operações de fundos de investimento;2025.002 (consultado ao vivo em 08/09/2026);oficial - Portal da Conformidade Fácil (SVRS)
410035;410;Fornecimento realizado por nanoempreendedor;2025.002 (consultado ao vivo em 08/09/2026);oficial - Portal da Conformidade Fácil (SVRS)
410036;410;Descontos incondicionais;2025.002 (consultado ao vivo em 08/09/2026);oficial - Portal da Conformidade Fácil (SVRS)
410037;410;Importação de bens materiais sem incidência de IBS e CBS;2025.002 (consultado ao vivo em 08/09/2026);oficial - Portal da Conformidade Fácil (SVRS)
410999;410;Operações não onerosas sem previsão de tributação, não especificadas anteriormente;2025.002 (consultado ao vivo em 08/09/2026);oficial - Portal da Conformidade Fácil (SVRS)
510001;510;Operações, sujeitas a diferimento, com energia elétrica, relativas à importação, geração, comercialização, distribuição e transmissão;2025.002 (consultado ao vivo em 08/09/2026);oficial - Portal da Conformidade Fácil (SVRS)
515001;515;Operações, sujeitas a diferimento, com insumos agropecuários e aquícolas (Anexo IX);2025.002 (consultado ao vivo em 08/09/2026);oficial - Portal da Conformidade Fácil (SVRS)
550001;550;Exportações de bens materiais;2025.002 (consultado ao vivo em 08/09/2026);oficial - Portal da Conformidade Fácil (SVRS)
550002;550;Regime de Trânsito;2025.002 (consultado ao vivo em 08/09/2026);oficial - Portal da Conformidade Fácil (SVRS)
550003;550;Regimes de Depósito (art. 85);2025.002 (consultado ao vivo em 08/09/2026);oficial - Portal da Conformidade Fácil (SVRS)
550004;550;Regimes de Depósito (art. 87);2025.002 (consultado ao vivo em 08/09/2026);oficial - Portal da Conformidade Fácil (SVRS)
550005;550;Regimes de Depósito (art. 87, Parágrafo único);2025.002 (consultado ao vivo em 08/09/2026);oficial - Portal da Conformidade Fácil (SVRS)
550006;550;Regimes de Permanência Temporária;2025.002 (consultado ao vivo em 08/09/2026);oficial - Portal da Conformidade Fácil (SVRS)
550007;550;Regimes de Aperfeiçoamento;2025.002 (consultado ao vivo em 08/09/2026);oficial - Portal da Conformidade Fácil (SVRS)
550008;550;Importação de bens para o Regime de Repetro-Temporário;2025.002 (consultado ao vivo em 08/09/2026);oficial - Portal da Conformidade Fácil (SVRS)
550009;550;GNL-Temporário;2025.002 (consultado ao vivo em 08/09/2026);oficial - Portal da Conformidade Fácil (SVRS)
550010;550;Repetro-Permanente;2025.002 (consultado ao vivo em 08/09/2026);oficial - Portal da Conformidade Fácil (SVRS)
550011;550;Repetro-Industrialização;2025.002 (consultado ao vivo em 08/09/2026);oficial - Portal da Conformidade Fácil (SVRS)
550012;550;Repetro-Nacional;2025.002 (consultado ao vivo em 08/09/2026);oficial - Portal da Conformidade Fácil (SVRS)
550013;550;Repetro-Entreposto;2025.002 (consultado ao vivo em 08/09/2026);oficial - Portal da Conformidade Fácil (SVRS)
550014;550;Zona de Processamento de Exportação;2025.002 (consultado ao vivo em 08/09/2026);oficial - Portal da Conformidade Fácil (SVRS)
550015;550;Regime Tributário para Incentivo à Modernização e à Ampliação da Estrutura Portuária;2025.002 (consultado ao vivo em 08/09/2026);oficial - Portal da Conformidade Fácil (SVRS)
550016;550;Regime Especial de Incentivos para o Desenvolvimento da Infraestrutura;2025.002 (consultado ao vivo em 08/09/2026);oficial - Portal da Conformidade Fácil (SVRS)
550017;550;Regime Tributário para Incentivo à Atividade Econômica Naval;2025.002 (consultado ao vivo em 08/09/2026);oficial - Portal da Conformidade Fácil (SVRS)
550018;550;Desoneração da aquisição de bens de capital;2025.002 (consultado ao vivo em 08/09/2026);oficial - Portal da Conformidade Fácil (SVRS)
550019;550;Importação de bem material por indústria incentivada para utilização na ZFM;2025.002 (consultado ao vivo em 08/09/2026);oficial - Portal da Conformidade Fácil (SVRS)
550020;550;Áreas de livre comércio;2025.002 (consultado ao vivo em 08/09/2026);oficial - Portal da Conformidade Fácil (SVRS)
550021;550;Industrialização destinada a exportações;2025.002 (consultado ao vivo em 08/09/2026);oficial - Portal da Conformidade Fácil (SVRS)
550022;550;Regime Especial de Incentivos para a Produção de Hidrogênio de Baixa Emissão de Carbono (Rehidro);2025.002 (consultado ao vivo em 08/09/2026);oficial - Portal da Conformidade Fácil (SVRS)
550023;550;Operações com hidrocarbonetos líquidos derivados de petróleo não combustíveis ou de gás natural, inclusive nafta;2025.002 (consultado ao vivo em 08/09/2026);oficial - Portal da Conformidade Fácil (SVRS)
550024;550;Regime Tributário para Incentivo à Atividade Naval - Renaval (Art. 107, II);2025.002 (consultado ao vivo em 08/09/2026);oficial - Portal da Conformidade Fácil (SVRS)
550025;550;Regime Tributário para Incentivo à Atividade Naval - Renaval (Art. 107, III);2025.002 (consultado ao vivo em 08/09/2026);oficial - Portal da Conformidade Fácil (SVRS)
620001;620;Tributação monofásica sobre combustíveis;2025.002 (consultado ao vivo em 08/09/2026);oficial - Portal da Conformidade Fácil (SVRS)
620002;620;Tributação monofásica com responsabilidade pela retenção sobre combustíveis;2025.002 (consultado ao vivo em 08/09/2026);oficial - Portal da Conformidade Fácil (SVRS)
620003;620;Tributação monofásica com responsabilidade de retenção de tributos por terceiros;2025.002 (consultado ao vivo em 08/09/2026);oficial - Portal da Conformidade Fácil (SVRS)
620004;620;Tributação monofásica sobre mistura de EAC com gasolina A em percentual superior ao obrigatório;2025.002 (consultado ao vivo em 08/09/2026);oficial - Portal da Conformidade Fácil (SVRS)
620005;620;Tributação monofásica sobre mistura de EAC com gasolina A em percentual inferior ao obrigatório;2025.002 (consultado ao vivo em 08/09/2026);oficial - Portal da Conformidade Fácil (SVRS)
620006;620;Tributação monofásica sobre combustíveis cobrada anteriormente;2025.002 (consultado ao vivo em 08/09/2026);oficial - Portal da Conformidade Fácil (SVRS)
620007;620;Perecimento, deteriorização, roubo, furto ou extravio no regime monofásico;2025.002 (consultado ao vivo em 08/09/2026);oficial - Portal da Conformidade Fácil (SVRS)
800001;800;Fusão, cisão ou incorporação;2025.002 (consultado ao vivo em 08/09/2026);oficial - Portal da Conformidade Fácil (SVRS)
800002;800;Transferência de crédito do associado, inclusive as cooperativas singulares;2025.002 (consultado ao vivo em 08/09/2026);oficial - Portal da Conformidade Fácil (SVRS)
810001;810;Crédito presumido sobre o valor apurado nos fornecimentos a partir da ZFM;2025.002 (consultado ao vivo em 08/09/2026);oficial - Portal da Conformidade Fácil (SVRS)
811001;811;Anulação de Crédito por Saídas Imunes/Isentas;2025.002 (consultado ao vivo em 08/09/2026);oficial - Portal da Conformidade Fácil (SVRS)
811002;811;Débitos de notas fiscais não processadas na apuração;2025.002 (consultado ao vivo em 08/09/2026);oficial - Portal da Conformidade Fácil (SVRS)
811003;811;Desenquadramento do Simples Nacional;2025.002 (consultado ao vivo em 08/09/2026);oficial - Portal da Conformidade Fácil (SVRS)
820001;820;Documento com informações de fornecimento de serviços de planos de assistência à saúde elencados no art. 234 da Lei Complementar nº 214, de 2025;2025.002 (consultado ao vivo em 08/09/2026);oficial - Portal da Conformidade Fácil (SVRS)
820002;820;Documento com informações de fornecimento de serviços de planos de assistência funerária;2025.002 (consultado ao vivo em 08/09/2026);oficial - Portal da Conformidade Fácil (SVRS)
820003;820;Documento com informações de fornecimento de serviços de planos de assistência à saúde de animais domésticos;2025.002 (consultado ao vivo em 08/09/2026);oficial - Portal da Conformidade Fácil (SVRS)
820004;820;Documento com informações de prestação de serviços de concursos de prognósticos;2025.002 (consultado ao vivo em 08/09/2026);oficial - Portal da Conformidade Fácil (SVRS)
820005;820;Documento com informações de alienação de bens imóveis;2025.002 (consultado ao vivo em 08/09/2026);oficial - Portal da Conformidade Fácil (SVRS)
820006;820;Documento com informações de fornecimento de serviços de exploração de via;2025.002 (consultado ao vivo em 08/09/2026);oficial - Portal da Conformidade Fácil (SVRS)
820007;820;Documento com informações de fornecimento de serviços financeiros;2025.002 (consultado ao vivo em 08/09/2026);oficial - Portal da Conformidade Fácil (SVRS)
820008;820;Documento com informações de fornecimento de serviço continuado, mas com tributação realizada em fatura anterior;2025.002 (consultado ao vivo em 08/09/2026);oficial - Portal da Conformidade Fácil (SVRS)
820009;820;Cobrança relativa a fornecimentos declarados em outro documento;2025.002 (consultado ao vivo em 08/09/2026);oficial - Portal da Conformidade Fácil (SVRS)
830001;830;Documento com exclusão da BC da CBS e do IBS de energia elétrica fornecida pela distribuidora à UC;2025.002 (consultado ao vivo em 08/09/2026);oficial - Portal da Conformidade Fácil (SVRS)
