cindop;descricao;dispositivo_legal;local;local_fornecedor;caracteristica_fornecedor;versao_it;fonte
010101;Bem Móvel Material;Inc. I;Local da entrega ou disponibilização do bem ao destinatário;Estabelecimento do fornecedor;Presencial, com retirada no estabelecimento;consultado ao vivo em 08/09/2026;oficial - Portal da Conformidade Fácil (SVRS) - Tabela de Indicadores dos Locais de Operação
010102;Bem Móvel Material;Inc. I;Local da entrega ou disponibilização do bem ao destinatário;Local da venda e retirada;Presencial, com retirada fora do estabelecimento;consultado ao vivo em 08/09/2026;oficial - Portal da Conformidade Fácil (SVRS) - Tabela de Indicadores dos Locais de Operação
010103;Bem Móvel Material;Inc. I;Local da entrega ou disponibilização do bem ao destinatário;Endereço do destinatário fornecido para entrega;Não presencial, com entrega em endereço fornecido;consultado ao vivo em 08/09/2026;oficial - Portal da Conformidade Fácil (SVRS) - Tabela de Indicadores dos Locais de Operação
010104;Bem Móvel Material;Inc. I;Local da entrega ou disponibilização do bem ao destinatário;Local onde se encontra o bem móvel material (Local da retirada);Licitação promovida pelo poder público de bem apreendido ou abandonado ou leilão judicial;consultado ao vivo em 08/09/2026;oficial - Portal da Conformidade Fácil (SVRS) - Tabela de Indicadores dos Locais de Operação
010105;Bem Móvel Material;Inc. I;Local da entrega ou disponibilização do bem ao destinatário;Local onde se encontra o bem móvel material (Local da retirada);Constatação de irregularidade pela falta de documentação fiscal ou pelo acobertamento por documentação inidônea;consultado ao vivo em 08/09/2026;oficial - Portal da Conformidade Fácil (SVRS) - Tabela de Indicadores dos Locais de Operação
010201;Aquisição de veículo automotor terrestre, aquático ou aéreo;Inc. I;Local do domicílio principal do destinatário;Domicílio principal do destinatário;Entrega ou disponibilização;consultado ao vivo em 08/09/2026;oficial - Portal da Conformidade Fácil (SVRS) - Tabela de Indicadores dos Locais de Operação
020101;Operação com bem imóvel, bem imaterial, inclusive direito, relacionada a bem imóvel;Inc. II;Local onde o imóvel estiver situado;Localidade do imóvel;Execução de operações com bem imóvel, bem imaterial, inclusive direito, relacionado a bem imóvel;consultado ao vivo em 08/09/2026;oficial - Portal da Conformidade Fácil (SVRS) - Tabela de Indicadores dos Locais de Operação
020201;Serviço prestado fisicamente sobre bem imóvel;Inc. II;Local onde o imóvel estiver situado;Localidade do imóvel;Execução de serviços sobre bem imóvel;consultado ao vivo em 08/09/2026;oficial - Portal da Conformidade Fácil (SVRS) - Tabela de Indicadores dos Locais de Operação
020301;Serviço de administração e intermediação de bem imóvel;Inc. II;Local onde o imóvel estiver situado;Localidade do imóvel;Execução de serviços sobre bem imóvel;consultado ao vivo em 08/09/2026;oficial - Portal da Conformidade Fácil (SVRS) - Tabela de Indicadores dos Locais de Operação
030101;Serviço prestado fisicamente sobre a pessoa ou fruído presencialmente por pessoa física;Inc. III;Local da prestação do serviço;Estabelecimento do fornecedor;Execução de serviços diversos exclusivamente prestados fisicamente sobre a pessoa ou integralmente fruídos presencialmente por pessoa física;consultado ao vivo em 08/09/2026;oficial - Portal da Conformidade Fácil (SVRS) - Tabela de Indicadores dos Locais de Operação
030102;Serviço prestado fisicamente sobre a pessoa ou fruído presencialmente por pessoa física;Inc. III;Local da prestação do serviço;Endereço do adquirente;Execução de serviços diversos exclusivamente prestados fisicamente sobre a pessoa ou integralmente fruídos presencialmente por pessoa física;consultado ao vivo em 08/09/2026;oficial - Portal da Conformidade Fácil (SVRS) - Tabela de Indicadores dos Locais de Operação
030103;Serviço prestado fisicamente sobre a pessoa ou fruído presencialmente por pessoa física;Inc. III;Local da prestação do serviço;Endereço do destinatário;Execução de serviços diversos exclusivamente prestados fisicamente sobre a pessoa ou integralmente fruídos presencialmente por pessoa física;consultado ao vivo em 08/09/2026;oficial - Portal da Conformidade Fácil (SVRS) - Tabela de Indicadores dos Locais de Operação
030104;Serviço prestado fisicamente sobre a pessoa ou fruído presencialmente por pessoa física;Inc. III;Local da prestação do serviço;Endereço diverso do fornecedor, adquirente ou destinatário;Execução de serviços diversos exclusivamente prestados fisicamente sobre a pessoa ou integralmente fruídos presencialmente por pessoa física;consultado ao vivo em 08/09/2026;oficial - Portal da Conformidade Fácil (SVRS) - Tabela de Indicadores dos Locais de Operação
040101;Serviço de planejamento, organização e administração de feiras, exposições, congressos, espetáculos, exibições e congêneres;Inc. VI;Local do evento a que se refere o serviço;Local do Evento;Execução de serviços de planejamento, organização e administração de feiras, exposições, congressos, espetáculos, exibições e congêneres;consultado ao vivo em 08/09/2026;oficial - Portal da Conformidade Fácil (SVRS) - Tabela de Indicadores dos Locais de Operação
050101;Serviço prestado fisicamente sobre bem móvel material;Inc. V;Local da prestação do serviço;Estabelecimento do fornecedor;Execução de serviços diversos fisicamente prestados sobre bem móvel material;consultado ao vivo em 08/09/2026;oficial - Portal da Conformidade Fácil (SVRS) - Tabela de Indicadores dos Locais de Operação
050102;Serviço prestado fisicamente sobre bem móvel material;Inc. V;Local da prestação do serviço;Endereço do adquirente;Execução de serviços diversos fisicamente prestados sobre bem móvel material;consultado ao vivo em 08/09/2026;oficial - Portal da Conformidade Fácil (SVRS) - Tabela de Indicadores dos Locais de Operação
050103;Serviço prestado fisicamente sobre bem móvel material;Inc. V;Local da prestação do serviço;Endereço do destinatário;Execução de serviços diversos fisicamente prestados sobre bem móvel material;consultado ao vivo em 08/09/2026;oficial - Portal da Conformidade Fácil (SVRS) - Tabela de Indicadores dos Locais de Operação
050104;Serviço prestado fisicamente sobre bem móvel material;Inc. V;Local da prestação do serviço;Endereço diverso do fornecedor, adquirente ou destinatário;Execução de serviços diversos fisicamente prestados sobre bem móvel material;consultado ao vivo em 08/09/2026;oficial - Portal da Conformidade Fácil (SVRS) - Tabela de Indicadores dos Locais de Operação
050201;Serviços portuários;Inc. V;Local da prestação do serviço;Local da prestação;Execução de serviços portuários;consultado ao vivo em 08/09/2026;oficial - Portal da Conformidade Fácil (SVRS) - Tabela de Indicadores dos Locais de Operação
060101;Serviço de transporte de passageiros;Inc. VI;Local da prestação do serviço;Local de início do transporte;Execução de serviços de transporte de passageiros;consultado ao vivo em 08/09/2026;oficial - Portal da Conformidade Fácil (SVRS) - Tabela de Indicadores dos Locais de Operação
070101;Serviço de transporte de carga;Inc. VII;Local da prestação do serviço;Endereço fornecido para entrega;Execução de serviços de transporte de carga;consultado ao vivo em 08/09/2026;oficial - Portal da Conformidade Fácil (SVRS) - Tabela de Indicadores dos Locais de Operação
070102;Serviço de transporte de carga;Inc. VII;Local da prestação do serviço;Local da retirada;Execução de serviços de transporte de carga;consultado ao vivo em 08/09/2026;oficial - Portal da Conformidade Fácil (SVRS) - Tabela de Indicadores dos Locais de Operação
080101;Serviço de exploração de via;Inc. VIII;Território de cada Município e Estado, ou do Distrito Federal, proporcionalmente à extensão da via explorada;Local da prestação, correspondente à extensão da via explorada e proporcional ao território dos entes tributantes;Execução de serviços de exploração de via;consultado ao vivo em 08/09/2026;oficial - Portal da Conformidade Fácil (SVRS) - Tabela de Indicadores dos Locais de Operação
090101;Serviço de telefonia fixa e demais serviços de comunicação prestados por meio de cabos, fios, fibras e meios similares;Inc. IX;Local de instalação do terminal;Local de instalação do terminal;Execução de serviços de telefonia fixa e demais serviços de comunicação prestados por meio de cabos, fios, fibras e meios similares;consultado ao vivo em 08/09/2026;oficial - Portal da Conformidade Fácil (SVRS) - Tabela de Indicadores dos Locais de Operação
090102;Serviço de telefonia fixa e demais serviços de comunicação prestados por meio de cabos, fios, fibras e meios similares;Inc. IX;Local de instalação do terminal;Domicílio principal do adquirente (aquisições centralizadas, contribuinte com mais de um estabelecimento);Execução de serviços de telefonia fixa e demais serviços de comunicação prestados por meio de cabos, fios, fibras e meios similares;consultado ao vivo em 08/09/2026;oficial - Portal da Conformidade Fácil (SVRS) - Tabela de Indicadores dos Locais de Operação
100101;Cessão de espaço para prestação de serviços publicitários, em operações onerosas;Inc. X;Local do domicílio principal do adquirente, nas operações onerosas;Local do domicílio principal do adquirente;Execução de operações de cessão de espaço para prestação de serviços publicitários;consultado ao vivo em 08/09/2026;oficial - Portal da Conformidade Fácil (SVRS) - Tabela de Indicadores dos Locais de Operação
100102;Cessão de espaço para prestação de serviços publicitários, em operações onerosas;Inc. X;Local do domicílio principal do adquirente, nas operações onerosas;Local do domicílio do destinatário (adquirente residente/domiciliado no exterior);Execução de operações de cessão de espaço para prestação de serviços publicitários;consultado ao vivo em 08/09/2026;oficial - Portal da Conformidade Fácil (SVRS) - Tabela de Indicadores dos Locais de Operação
100201;Cessão de espaço para prestação de serviços publicitários, em operações não onerosas;Inc. X;Local do domicílio principal do destinatário, nas operações não onerosas;Local do domicílio principal do destinatário;Execução de operações de cessão de espaço para prestação de serviços publicitários;consultado ao vivo em 08/09/2026;oficial - Portal da Conformidade Fácil (SVRS) - Tabela de Indicadores dos Locais de Operação
100301;Demais serviços, em operações onerosas;Inc. X;Local do domicílio principal do adquirente, nas operações onerosas;Local do domicílio principal do adquirente;Execução dos demais serviços em operações não especificadas anteriormente, ou serviços do inc. III prestados à distância;consultado ao vivo em 08/09/2026;oficial - Portal da Conformidade Fácil (SVRS) - Tabela de Indicadores dos Locais de Operação
100302;Demais serviços, em operações onerosas;Inc. X;Local do domicílio principal do adquirente, nas operações onerosas;Local do domicílio do destinatário (adquirente residente/domiciliado no exterior);Execução dos demais serviços em operações não especificadas anteriormente, ou serviços do inc. III prestados à distância;consultado ao vivo em 08/09/2026;oficial - Portal da Conformidade Fácil (SVRS) - Tabela de Indicadores dos Locais de Operação
100401;Demais serviços, em operações não onerosas;Inc. X;Local do domicílio principal do destinatário, nas operações não onerosas;Local do domicílio principal do destinatário;Execução dos demais serviços em operações não especificadas anteriormente, ou serviços do inc. III prestados à distância;consultado ao vivo em 08/09/2026;oficial - Portal da Conformidade Fácil (SVRS) - Tabela de Indicadores dos Locais de Operação
100501;Demais bens móveis imateriais, inclusive direitos, em operações onerosas;Inc. X;Local do domicílio principal do adquirente, nas operações onerosas;Local do domicílio principal do adquirente;Execução de demais operações não especificadas anteriormente com bens móveis imateriais, inclusive direitos;consultado ao vivo em 08/09/2026;oficial - Portal da Conformidade Fácil (SVRS) - Tabela de Indicadores dos Locais de Operação
100502;Demais bens móveis imateriais, inclusive direitos, em operações onerosas;Inc. X;Local do domicílio principal do adquirente, nas operações onerosas;Local do domicílio do destinatário (adquirente residente/domiciliado no exterior);Execução de demais operações não especificadas anteriormente com bens móveis imateriais, inclusive direitos;consultado ao vivo em 08/09/2026;oficial - Portal da Conformidade Fácil (SVRS) - Tabela de Indicadores dos Locais de Operação
100601;Demais bens móveis imateriais, inclusive direitos, em operações não onerosas;Inc. X;Local do domicílio principal do destinatário, nas operações não onerosas;Local do domicílio principal do destinatário;Execução de demais operações não especificadas anteriormente com bens móveis imateriais, inclusive direitos;consultado ao vivo em 08/09/2026;oficial - Portal da Conformidade Fácil (SVRS) - Tabela de Indicadores dos Locais de Operação
110101;Operações com abastecimento de água, gás canalizado e energia elétrica;§7º art. 11;Local da operação especificado no §7º do art. 11;Local da disponibilização;Operações destinadas a consumidor final;consultado ao vivo em 08/09/2026;oficial - Portal da Conformidade Fácil (SVRS) - Tabela de Indicadores dos Locais de Operação
110201;Operações com abastecimento de água, gás canalizado e energia elétrica;§7º art. 11;Local da operação especificado no §7º do art. 11;Local do estabelecimento principal do adquirente (§4º do art. 11);Transmissão/geração/distribuição/comercialização de energia elétrica a contribuinte do regime regular;consultado ao vivo em 08/09/2026;oficial - Portal da Conformidade Fácil (SVRS) - Tabela de Indicadores dos Locais de Operação
120101;Aquisições de energia elétrica realizadas de forma multilateral;§9º art. 11;Local da operação especificado no §9º do art. 11;Estabelecimento ou domicílio do agente com balanço energético devedor;Disponibilização de energia;consultado ao vivo em 08/09/2026;oficial - Portal da Conformidade Fácil (SVRS) - Tabela de Indicadores dos Locais de Operação
130101;Operações de transporte dutoviário de gás natural;§10 art. 11;Local da operação especificado no §10 do art. 11;Estabelecimento principal do fornecedor (contratação de capacidade de entrada);Execução do transporte dutoviário de gás natural;consultado ao vivo em 08/09/2026;oficial - Portal da Conformidade Fácil (SVRS) - Tabela de Indicadores dos Locais de Operação
130201;Operações de transporte dutoviário de gás natural;§10 art. 11;Local da operação especificado no §10 do art. 11;Estabelecimento principal do adquirente (contratação de capacidade de saída);Execução do transporte dutoviário de gás natural;consultado ao vivo em 08/09/2026;oficial - Portal da Conformidade Fácil (SVRS) - Tabela de Indicadores dos Locais de Operação
